<?xml version="1.0" encoding="UTF-8"?>
<project-private xmlns="http://www.netbeans.org/ns/project-private/1">
    <editor-bookmarks xmlns="http://www.netbeans.org/ns/editor-bookmarks/2" lastBookmarkId="0"/>
    <open-files xmlns="http://www.netbeans.org/ns/projectui-open-files/2">
        <group>
            <file>file:/home/bort/Escritorio/m03/6.1.1/friendsmanager/src/controllers/FriendController.java</file>
            <file>file:/home/bort/Escritorio/m03/6.1.1/friendsmanager/src/model/persistence/DBConnect.java</file>
            <file>file:/home/bort/Escritorio/m03/6.1.1/friendsmanager/src/model/persistence/FriendDAO.java</file>
        </group>
    </open-files>
</project-private>
