<?xml version="1.0" encoding="UTF-8"?>
<project-private xmlns="http://www.netbeans.org/ns/project-private/1">
    <editor-bookmarks xmlns="http://www.netbeans.org/ns/editor-bookmarks/2" lastBookmarkId="0"/>
    <open-files xmlns="http://www.netbeans.org/ns/projectui-open-files/2">
        <group>
            <file>file:/home/bort/Desktop/Daw2bio/M07/uf4/laravel/laravel/app/Http/Controllers/CategoryController.php</file>
            <file>file:/home/bort/Desktop/Daw2bio/M07/uf4/laravel/laravel/resources/views/category/find.blade.php</file>
        </group>
    </open-files>
</project-private>
