<?xml version="1.0" encoding="UTF-8"?>
<project-private xmlns="http://www.netbeans.org/ns/project-private/1">
    <editor-bookmarks xmlns="http://www.netbeans.org/ns/editor-bookmarks/2" lastBookmarkId="0"/>
    <open-files xmlns="http://www.netbeans.org/ns/projectui-open-files/2">
        <group>
            <file>file:/home/bort/Escritorio/m15u1/WebExample2/src/java/controllers/friendController.java</file>
            <file>file:/home/bort/Escritorio/m15u1/WebExample2/web/friend.jsp</file>
            <file>file:/home/bort/Escritorio/m15u1/WebExample2/src/java/model/Friend.java</file>
        </group>
    </open-files>
</project-private>
