<?xml version="1.0" encoding="UTF-8"?>
<project-private xmlns="http://www.netbeans.org/ns/project-private/1">
    <editor-bookmarks xmlns="http://www.netbeans.org/ns/editor-bookmarks/2" lastBookmarkId="0"/>
    <open-files xmlns="http://www.netbeans.org/ns/projectui-open-files/2">
        <group>
            <file>file:/home/bort/Escritorio/Examen/Examen2/web/login.jsp</file>
            <file>file:/home/bort/Escritorio/Examen/Examen2/web/index.jsp</file>
            <file>file:/home/bort/Escritorio/Examen/Examen2/web/logout.jsp</file>
            <file>file:/home/bort/Escritorio/Examen/Examen2/web/login2.jsp</file>
            <file>file:/home/bort/Escritorio/Examen/Examen2/web/welcome.jsp</file>
        </group>
    </open-files>
</project-private>
