<?xml version="1.0" encoding="UTF-8"?>
<project-private xmlns="http://www.netbeans.org/ns/project-private/1">
    <editor-bookmarks xmlns="http://www.netbeans.org/ns/editor-bookmarks/2" lastBookmarkId="0"/>
    <open-files xmlns="http://www.netbeans.org/ns/projectui-open-files/2">
        <group>
            <file>file:/home/bort/Escritorio/m03/Examen%202/Examen/src/view/MainFrame.java</file>
            <file>file:/home/bort/Escritorio/m03/Examen%202/Examen/src/controller/ConfigRoadController.java</file>
            <file>file:/home/bort/Escritorio/m03/Examen%202/Examen/src/controller/CalculateRoadController.java</file>
            <file>file:/home/bort/Escritorio/m03/Examen%202/Examen/src/controller/WindowController.java</file>
        </group>
    </open-files>
</project-private>
