<?xml version="1.0" encoding="UTF-8"?>
<project-private xmlns="http://www.netbeans.org/ns/project-private/1">
    <editor-bookmarks xmlns="http://www.netbeans.org/ns/editor-bookmarks/2" lastBookmarkId="0"/>
    <open-files xmlns="http://www.netbeans.org/ns/projectui-open-files/2">
        <group>
            <file>file:/home/bort/Escritorio/m15u1/7.%20Bootstrap/Práctica%203/HTML5Application/public_html/index.html</file>
            <file>file:/home/bort/Escritorio/m15u1/7.%20Bootstrap/Práctica%203/HTML5Application/public_html/page2.html</file>
            <file>file:/home/bort/Escritorio/m15u1/7.%20Bootstrap/Práctica%203/HTML5Application/public_html/page3.html</file>
            <file>file:/home/bort/Escritorio/m15u1/7.%20Bootstrap/Práctica%203/HTML5Application/public_html/page4.html</file>
        </group>
    </open-files>
</project-private>
